<?xml version="1.0" encoding="UTF-8"?>
<project-private xmlns="http://www.netbeans.org/ns/project-private/1">
    <editor-bookmarks xmlns="http://www.netbeans.org/ns/editor-bookmarks/2" lastBookmarkId="0"/>
    <open-files xmlns="http://www.netbeans.org/ns/projectui-open-files/2">
        <group>
            <file>file:/Users/ardaaersoy/Desktop/Project/src/Companies/Vehicle.java</file>
            <file>file:/Users/ardaaersoy/Desktop/Project/src/Companies/CompanySys.java</file>
            <file>file:/Users/ardaaersoy/Desktop/Project/src/Frames/DisplayCompaniesFrame.java</file>
            <file>file:/Users/ardaaersoy/Desktop/Project/src/Companies/Technology.java</file>
            <file>file:/Users/ardaaersoy/Desktop/Project/src/Companies/Medicine.java</file>
            <file>file:/Users/ardaaersoy/Desktop/Project/src/Frames/AddPersonFrame.java</file>
            <file>file:/Users/ardaaersoy/Desktop/Project/src/Companies/Company.java</file>
            <file>file:/Users/ardaaersoy/Desktop/Project/src/Frames/DisplayPeopleFrame.java</file>
        </group>
    </open-files>
</project-private>
